Name of affiliated standard sample;Test mode;Light source/angle;L*;a*;b*;400nm;410nm;420nm;430nm;440nm;450nm;460nm;470nm;480nm;490nm;500nm;510nm;520nm;530nm;540nm;550nm;560nm;570nm;580nm;590nm;600nm;610nm;620nm;630nm;640nm;650nm;660nm;670nm;680nm;690nm;700nm
-;M0;D50/2°;19,76;0,42;1,3;2,36;2,65;2,79;2,79;2,71;2,7;2,75;2,76;2,77;2,8;2,85;2,86;2,84;2,84;2,89;2,89;2,92;2,98;3,02;3,02;3;2,98;3,03;3,07;3,05;3,03;3;2,99;3;3,04;3,08
-;M0;D50/2°;79,51;-9,38;14,13;26,49;32,14;34,89;36,78;38,87;41,01;42,83;44,7;47,05;50,13;53,92;57,78;60,81;62,2;61,58;59,24;56,28;53,77;52,43;52,1;51,91;52,19;52,97;53,47;53,7;54,39;55,01;55,68;56,05;56,39;56,71
-;M0;D50/2°;79,46;-15,77;74,9;6,52;5,67;5,25;5,23;5,03;5,2;5,9;7,13;10,13;16,86;28,43;43,37;58,49;69,15;71,69;67,28;60,23;53,82;51,1;52,78;55,41;56,54;56,17;55,74;55,58;55,95;56,41;57,05;57,61;58,32;59,16
-;M0;D50/2°;96,29;-1,29;-2,73;66,25;72,99;78,84;84,8;92,19;98,01;100,35;99,92;97,95;95,29;92,67;91,71;92,1;93,1;93,24;91,57;89,32;87,85;87,78;89,02;89,43;89,06;89,2;89,44;89,73;90,76;91,29;91,42;90,78;90,18;89,67
-;M0;D50/2°;42,71;24,31;-40,05;29,3;34,64;36,69;38,16;39,77;40,18;38,37;34,83;29,98;24,26;18,83;14,62;11,82;10,43;9,87;9,33;8,65;8,65;10,25;13,13;15,65;16,87;16,61;16,52;17,45;19,29;21,27;22,7;23,42;24,02;24,59
-;M0;D50/2°;90,55;-0,71;-0,99;53,29;60,65;65,75;70,52;76,43;81,16;83,15;83,13;82,01;80,31;78,66;78,06;78,31;78,97;79,11;77,88;76,11;75,01;75,2;76,44;76,99;77,07;77,54;77,96;78,34;79,41;80,08;80,43;80,08;79,75;79,48
-;M0;D50/2°;87,51;-0,77;-0,89;48,28;55,64;60,38;64,68;69,97;74,23;76,03;76,08;75,19;73,8;72,49;72,05;72,23;72,65;72,59;71,31;69,52;68,41;68,65;69,93;70,57;70,78;71,26;71,65;72,04;73,12;73,86;74,3;74,08;73,86;73,7
-;M0;D50/2°;83,44;-0,12;-1,98;43,01;50,35;54,74;58,61;63,37;67,21;68,78;68,8;67,95;66,56;65,18;64,43;64,14;64,13;63,89;62,76;61,18;60,26;60,67;62,01;62,73;63,11;63,64;64,05;64,47;65,58;66,42;66,95;66,83;66,7;66,61
-;M0;D50/2°;78,08;0,11;-2,04;35,82;42,82;46,65;49,86;53,8;57;58,31;58,4;57,8;56,73;55,67;54,99;54,55;54,3;53,95;52,92;51,51;50,7;51,14;52,38;53,11;53,64;54,26;54,7;55,16;56,26;57,15;57,76;57,78;57,78;57,81
-;M0;D50/2°;72,06;0,44;-1,59;29,11;35,44;38,57;40,96;43,82;46,18;47,2;47,42;47,19;46,61;46,02;45,52;44,99;44,48;43,95;43,02;41,83;41,2;41,75;43;43,85;44,5;45,09;45,47;45,87;46,84;47,68;48,31;48,46;48,57;48,7
-;M0;D50/2°;64,58;1,92;-1,11;21,84;27,21;29,65;31,31;33,24;34,9;35,7;36,04;36,1;35,85;35,49;34,95;34,19;33,42;32,86;32,24;31,53;31,33;32,12;33,49;34,47;35,23;35,83;36,16;36,49;37,3;38,03;38,64;38,9;39,13;39,36
-;M0;D50/2°;56,04;1,49;-1,15;15,89;20,08;21,79;22,75;23,73;24,66;25,27;25,74;26,15;26,37;26,42;26,06;25,22;24,17;23,3;22,59;21,97;21,83;22,54;23,75;24,67;25,38;25,87;26,09;26,29;26,86;27,43;27,97;28,29;28,59;28,86
-;M0;D50/2°;47,79;1,61;-1,61;11,47;14,61;15,8;16,32;16,75;17,24;17,66;18,07;18,48;18,75;18,83;18,45;17,62;16,65;15,93;15,45;15,11;15,11;15,67;16,5;17,14;17,67;18,06;18,25;18,39;18,81;19,23;19,68;19,99;20,28;20,54
-;M0;D50/2°;40,91;1,87;-2;8,56;10,89;11,72;12;12,16;12,4;12,67;12,97;13,29;13,51;13,56;13,23;12,52;11,72;11,16;10,83;10,64;10,71;11,15;11,76;12,24;12,63;12,93;13,06;13,17;13,48;13,82;14,19;14,49;14,76;15,03
-;M0;D50/2°;34,14;1,44;-2,18;6,14;7,74;8,3;8,44;8,47;8,58;8,76;8,96;9,17;9,33;9,37;9,12;8,61;8,04;7,65;7,42;7,3;7,36;7,64;8;8,28;8,52;8,74;8,84;8,91;9,12;9,35;9,63;9,87;10,11;10,33
-;M0;D50/2°;28,57;1,46;-1,94;4,49;5,54;5,92;6;5,96;6,02;6,14;6,27;6,4;6,5;6,53;6,35;5,98;5,6;5,36;5,21;5,16;5,23;5,41;5,64;5,82;5,98;6,15;6,24;6,29;6,42;6,56;6,75;6,91;7,09;7,26
-;M0;D50/2°;23,88;0,98;-0,74;3,24;3,86;4,11;4,14;4,08;4,11;4,21;4,29;4,37;4,46;4,51;4,43;4,23;4,02;3,9;3,8;3,77;3,82;3,93;4,05;4,15;4,24;4,37;4,45;4,47;4,53;4,59;4,7;4,8;4,92;5,05
-;M0;D50/2°;19,84;0,71;0,99;2,39;2,7;2,84;2,83;2,73;2,72;2,79;2,84;2,9;2,97;3,04;3,03;2,94;2,87;2,85;2,82;2,84;2,92;2,97;3,01;3,04;3,06;3,15;3,2;3,2;3,18;3,16;3,17;3,2;3,25;3,31
-;M0;D50/2°;50,39;-58,9;12,11;7,44;8,55;8,98;8,9;8,32;8,69;10,72;14,11;19,18;26,19;34,3;40,96;43,48;39,8;31,43;21,68;12,71;5,94;3,24;4,4;6,57;7,78;7,87;7,33;6,53;5,84;5,62;6,01;6,79;7,49;8
-;M0;D50/2°;30,54;13,93;-52,22;18,03;22,88;25,42;28,19;32,13;34,56;33,58;30,32;25,38;19,42;13,87;9,89;7,65;6,89;6,57;5,64;4,25;3,3;3,33;4,03;4,45;4,24;3,61;3,44;3,93;4,85;5,72;5,87;5,29;4,69;4,17
-;M0;D50/2°;62,07;63,42;-18,96;47,98;51,9;53,16;53,41;52,86;51,13;47,66;42,46;35,99;28,87;22,65;18,15;15,05;12,81;11,32;10,65;10,77;14;24,79;43,72;62,97;76,1;82,37;86,14;89,01;91,42;92,16;91,97;90,98;90,06;89,3
-;M0;D50/2°;90,89;-4,53;107,13;5,55;3,41;2,5;2,71;3,09;3,28;2,88;2,22;3,13;8,65;21,33;40,72;63,58;83,86;94,23;93,95;88,95;83,67;81,83;85,33;89,51;90,59;89,52;88,86;88,73;89,03;88,99;88,97;88,84;89,11;89,81
-;M0;D50/2°;44,55;60,5;23,29;6,99;8,01;8,05;7,52;6,87;6,53;6,48;6,38;6,32;6,54;6,66;5,93;4,72;4,21;4,62;4,8;4,37;4,28;6,33;12,48;23,18;38,42;54,63;66,96;74,4;79,65;82,55;84,28;85;85,55;86,02
-;M0;D50/2°;64,06;-31,73;-48,93;42,22;51,69;58,82;66,98;78,34;87,54;90,96;90,46;87,39;82,6;76,82;70,82;63,37;53,8;43,13;32,23;22,22;14,91;11,81;11,4;10,96;10,44;10,3;10,19;10,35;11,29;12,54;13,1;12,62;12;11,32
-;M0;D50/2°;48,58;-19,3;-60,24;21,16;30,45;37,72;46,54;59,56;70,26;74,04;73,46;69,56;62,76;54,25;45,34;36,19;27,49;19,97;13,2;7,45;3,85;3,24;4,2;4,14;3,7;3,97;4,13;4,24;4,89;5,74;5,93;5,26;4,66;4,22
-;M0;D50/2°;66,92;41,6;63,45;4,85;4,72;4,61;4,36;3,87;3,98;4,87;6,22;8,28;11,49;16,03;20,75;24,17;24,93;23,5;21,65;20,62;22,75;32,57;50,82;68,95;81,09;87,46;90,65;91,89;92,4;91,9;91,81;92,12;92,83;93,9
-;M0;D50/2°;50,1;66,93;-2,68;24,03;27,16;27,24;26,06;24,05;21,9;19,75;17,22;14,46;11,91;9,84;7,97;6,38;5,55;5,48;5,32;4,81;5,45;10,09;20,55;35,11;51,44;66,14;77,12;83,9;88,45;90,29;90,68;89,9;88,93;87,9
-;M0;D50/2°;57,87;-51,77;-13,15;17,9;22,66;25,13;26,82;28,59;30,98;34,03;37,94;42,95;48,88;54,58;57,78;56,27;48,87;38,08;27,16;17,67;10,66;7,53;7,57;8,46;9,16;9,6;9,35;8,66;8,2;8,22;8,75;9,47;10,03;10,35
-;M0;D50/2°;61,79;-49,48;51,98;5,8;4,36;3,73;3,82;3,78;3,89;4,22;4,85;7,2;13,48;24,74;38,91;51,61;57,21;53,11;42,27;29,57;18,82;13,74;14,66;17,37;18,34;17,15;16,07;15,63;15,66;16,13;16,68;17,1;17,5;17,86
-;M0;D50/2°;43,91;35,99;-40,04;35,07;39,98;41,59;42,47;43,06;42,38;39,62;35,06;29,17;22,58;16,69;12,47;10,02;9,09;8,89;8,55;7,95;8,22;10,86;15,69;20,25;22,85;23,03;23,21;24,74;27,59;30,7;33,27;35,05;36,68;38,25
-;M0;D50/2°;21,66;-5,3;3,04;2,37;2,66;2,81;2,79;2,69;2,71;2,85;3,04;3,28;3,6;3,96;4,18;4,19;4,04;3,8;3,5;3,24;3,08;2,99;2,97;2,99;3,02;3,13;3,18;3,16;3,12;3,08;3,1;3,14;3,21;3,28
-;M0;D50/2°;25,85;10,76;-36,94;11,17;14,2;15,47;16,56;18;18,8;18,16;16,54;14,17;11,31;8,6;6,53;5,23;4,67;4,43;4,01;3,44;3,11;3,22;3,62;3,91;3,89;3,62;3,55;3,82;4,3;4,75;4,88;4,65;4,41;4,19
-;M0;D50/2°;88,76;13,95;-9,71;63,63;70,16;75,35;80,42;86,55;91,05;92,08;90,3;86,62;81,56;76,15;72;69,08;67,24;66,19;65,34;64,81;66,22;71,4;79,77;86,39;89,01;89,22;88,96;89,07;90;90,43;90,53;90,01;89,62;89,41
-;M0;D50/2°;31,04;20,99;6,74;4,33;5,2;5,43;5,31;4,99;4,86;4,99;5,19;5,44;5,68;5,81;5,58;5,04;4,44;4,07;3,99;4,17;4,75;6,11;8,3;10,48;12,31;13,62;14,42;14,98;15,72;16,46;17,26;18,03;18,79;19,56
-;M0;D50/2°;95,73;-6,14;21,75;41,18;47,51;51,18;53,96;57,02;60,05;62,61;65,08;68,21;72,58;78,29;84,97;91,35;95,52;96,01;93,42;90,14;87,63;87,03;88,78;90,28;90,71;91,18;91,31;91,01;91,13;90,96;91,11;91,17;91,35;91,61
-;M0;D50/2°;88,37;-11,51;-13,98;61,57;68,75;74,7;80,93;88,87;95,09;97,4;96,75;94,49;91,61;88,84;87,35;86,31;84,69;81,48;76,3;70,54;65,77;62,87;61,16;59,51;58,71;58,95;59,46;60,19;61,82;63,23;63,94;63,5;62,92;62,29
-;M0;D50/2°;19,44;3,34;-3,54;2,97;3,46;3,63;3,62;3,51;3,45;3,42;3,34;3,21;3,08;2,97;2,83;2,68;2,62;2,64;2,65;2,7;2,79;2,89;2,99;3,07;3,1;3,15;3,19;3,2;3,22;3,23;3,25;3,27;3,3;3,35
-;M0;D50/2°;94,22;-9,26;48,29;22,4;26,02;27,63;28,53;29,18;30,48;32,71;35,95;41,07;49,14;60,48;73,64;86,33;95,04;97,08;93,83;89,1;85,08;83,85;86,32;89,05;90,07;90,37;90,21;89,6;89,3;88,83;88,97;89,35;89,94;90,68
-;M0;D50/2°;78,88;33,89;-16,96;59,86;65,64;69,63;73,25;77,33;79,76;78,95;75,43;69,87;62,68;55,3;49,21;44,42;40,87;38,84;38,2;38,61;42,04;51,78;67,24;80,73;87,38;88,57;88,55;88,98;90,11;90,53;90,54;90,01;89,66;89,54
-;M0;D50/2°;29,53;-11,47;-24,61;7,05;9,51;10,76;11,62;12,69;13,77;14,53;15,18;15,64;15,67;15,04;13,48;11,08;8,39;6,17;4,61;3,62;3,13;3,05;3,11;3,12;3,26;3,64;3,83;3,79;3,79;3,84;3,93;4,01;4,07;4,1
-;M0;D50/2°;54,24;-24,57;43,02;4,23;4,05;3,96;3,92;3,72;3,81;4,36;5,29;7,16;10,82;16,54;23,23;29,13;32,23;31,63;28,13;23,55;19,45;17,18;16,86;17,27;17,52;17,36;17,18;17,09;17,24;17,54;17,95;18,3;18,66;19,01
-;M0;D50/2°;29,7;27,24;-2,86;6,89;8,26;8,47;8,2;7,63;7,13;6,77;6,33;5,81;5,31;4,84;4,3;3,75;3,44;3,41;3,5;3,67;4,12;5,34;7,47;9,79;11,96;13,56;14,66;15,71;17,16;18,73;20,33;21,8;23,21;24,59
-;M0;D50/2°;81,44;-32,15;57,76;11,01;11,08;11,02;11,13;10,9;11,3;12,73;15,19;20,06;29,41;44;61,39;77,3;85,86;83,71;73,87;61,9;51,39;45,84;45,78;47,54;48,4;47,96;47,41;47,08;47,33;47,9;48,78;49,59;50,41;51,21
-;M0;D50/2°;61,43;21,29;-37,18;49,82;56,19;59,83;63,14;67,02;69,07;67,59;63,34;57,03;49,18;41,31;34,8;29,8;26,36;24,23;22,61;21,21;21,36;24,68;30,38;35,17;37,32;37,03;36,75;37,53;39,31;40,88;41,6;41,27;40,84;40,42
-;M0;D50/2°;84,45;10,83;38,9;19,42;23,29;24,83;25,35;25,45;26,32;28,33;31,34;35,55;41,09;47,79;54,38;59,4;61,38;60,57;58,77;57,45;58,34;64,2;75,17;84,94;89,7;90,93;90,64;89,79;89,24;88,5;88,64;89,36;90,4;91,68
-;M0;D50/2°;31,96;-24,64;4,27;3,97;4,71;4,98;4,9;4,58;4,63;5,27;6,33;7,84;9,75;11,75;13,07;13,17;11,85;9,72;7,44;5,44;4;3,4;3,58;4,02;4,35;4,57;4,56;4,38;4,19;4,1;4,21;4,44;4,66;4,83
-;M0;D50/2°;80,07;-23,18;-27,62;57,79;65,47;71,75;78,63;87,63;94,72;97,33;96,62;94,13;90,98;87,83;85,49;82,47;77,34;69,84;60,58;51,17;43,57;39,14;36,74;34,9;34,07;34,12;34,43;35,11;36,76;38,49;39,42;39,11;38,55;37,85
-;M0;D50/2°;82,55;-26,56;-1,26;39,84;46,32;50,25;53,62;57,55;61,21;63,87;66,09;68,79;72,68;77,58;82,46;85,13;83,31;76,87;67,79;58,52;50,81;46,21;44,15;43,11;42,94;43,34;43,58;43,74;44,6;45,64;46,61;47,03;47,25;47,31
-;M0;D50/2°;68,03;0,58;-36,96;53,29;60,61;65,63;70,73;77,2;81,68;81,93;78,96;73,77;66,98;59,8;53,52;47,97;43,12;38,95;34,86;30,87;28,4;28,62;30,48;31,84;32,26;31,91;31,77;32,46;34,17;35,84;36,65;36,31;35,8;35,25
-;M0;D50/2°;49,72;-36,37;-39,79;17,41;24,32;28,89;33,37;39,56;45,34;48,97;51,61;53,44;53,98;52,58;48,59;41,49;32,03;22,72;14,92;8,9;5,03;3,85;4,27;4,47;4,68;5,42;5,55;5,17;5,02;5,19;5,51;5,7;5,83;5,89
-;M0;D50/2°;21,14;6,47;2,07;2,6;2,96;3,11;3,08;2,95;2,91;2,96;2,99;3,01;3,04;3,06;2,99;2,86;2,76;2,75;2,78;2,89;3,09;3,38;3,76;4,08;4,29;4,45;4,53;4,56;4,62;4,68;4,78;4,89;5,02;5,16
-;M0;D50/2°;51,31;-58,79;25,73;5,79;5,71;5,63;5,51;4,96;5,12;6,5;8,91;12,98;19,6;28,54;37,41;42,98;42,05;34,95;24,91;14,86;7;3,8;5,23;7,88;9,12;8,76;7,98;7,25;6,73;6,67;7,09;7,76;8,37;8,86
-;M0;D50/2°;44,14;51,11;-22,93;29,12;32,84;33,27;32,56;30,88;28,68;26,03;22,54;18,43;14,25;10,79;8,29;6,72;6,08;5,96;5,81;5,52;6,24;10,13;17,62;25,76;32,5;36,39;39,11;42,4;47,06;52;56,7;60,85;64,85;68,74
-;M0;D50/2°;61,96;-43,32;-29,93;28,94;36,23;40,7;44,83;50,13;55,09;58,41;61,01;63,42;65,66;67,11;66,57;62,24;53,32;42,03;30,84;21,02;13,8;10,48;9,98;10,06;10,22;10,53;10,4;10,04;10,12;10,63;11,23;11,54;11,68;11,62
-;M0;D50/2°;41,09;-44,79;-8,69;7,05;9,38;10,5;10,85;10,92;11,85;14,1;17,47;21,79;26,47;30,31;31,53;29,14;23,34;16,46;10,51;6,01;3,06;2,13;2,84;3,85;4,68;5,38;5,36;4,77;4,15;3,82;4,08;4,73;5,31;5,73
-;M0;D50/2°;72,4;36,58;24,97;18,53;22,48;23,83;24,01;23,66;23,94;25,1;26,9;29,13;31,4;33,44;34,34;33,45;30,67;27,79;26,66;27,45;31,56;42,57;60,45;76,79;86,17;89,77;90,74;90,65;90,49;89,76;89,76;90,33;91,26;92,48
-;M0;D50/2°;55,72;47,88;-31,16;46,08;50,73;52,45;53,28;53,57;52,51;49,37;44,3;37,77;30,38;23,66;18,61;15,21;13,17;12,09;11,55;11,34;13,12;19,68;30,96;41,71;48,24;50,11;51,1;53,01;55,96;58,61;60,56;61,69;62,74;63,82
-;M0;D50/2°;37,17;0,4;-60,87;16,89;23,76;28,85;35,17;44,6;51,8;53;50,42;44,97;37,34;29,27;22,29;16,82;13,03;10,26;7,29;4,33;2,49;2,44;3,34;3,42;2,97;2,75;2,8;3,2;4,08;4,97;5,03;4,2;3,44;2,87
-;M0;D50/2°;29,09;23,64;-30,67;15,69;18,82;19,46;19,45;19,09;18,27;16,77;14,61;11,96;9,14;6,74;5,15;4,39;4,31;4,47;4,41;4,13;4,1;4,81;6,24;7,7;8,5;8,4;8,41;9,08;10,33;11,73;12,9;13,71;14,44;15,12
-;M0;D50/2°;78,78;21,11;84,54;5,17;4,13;3,67;3,63;3,44;3,58;4,03;4,72;6,5;10,86;19,03;30,03;41,23;48,87;50,9;49,04;46,34;46,34;54,03;70,1;85,08;92,21;93,07;92,36;91,64;91,24;90,58;90,59;91,14;92,23;93,78
-;M0;D50/2°;66,06;-53;31,18;10,37;11,07;11,29;11,38;11,01;11,45;13,28;16,35;21,65;30,45;42,65;55,36;64,43;65,33;57,56;45,13;32,18;21,57;16,31;16,36;18,22;19,21;18,84;18,13;17,48;17,22;17,5;18,24;19,12;19,88;20,48
-;M0;D50/2°;43,9;12,92;27,09;3,87;4,45;4,65;4,53;4,19;4,22;4,81;5,75;7,05;8,74;10,62;12,13;12,81;12,49;11,61;10,72;10,15;10,41;12,46;16,28;19,87;22,25;23,44;23,91;24,08;24,37;24,61;25;25,46;25,98;26,54
-;M0;D50/2°;58,92;-30,41;-54,38;34,69;44,67;52,18;60,92;73,37;83,6;87,51;87,26;84,09;78,65;71,73;64,25;55,41;45,12;34,63;24,5;15,53;9,3;7,11;7,42;7,29;6,86;6,9;6,84;6,9;7,65;8,7;9,12;8,58;7,98;7,4
-;M0;D50/2°;47,21;65,2;13,55;12,29;14,25;14,32;13,52;12,38;11,41;10,67;9,8;8,9;8,26;7,66;6,5;5,07;4,35;4,54;4,62;4,22;4,5;7,74;15,97;28,85;45,48;62,18;74,81;82,29;87,17;89,26;89,98;89,58;89,02;88,4
-;M0;D50/2°;53,98;55,27;43,77;4,78;5,14;5,16;4,79;4,32;4,38;5,02;5,93;7,16;8,89;10,75;11,68;11,39;10,33;9,23;8,27;7,61;8,68;14,49;26,6;41,69;57,39;71,31;81,13;86,39;89,45;90,26;90,41;90,09;89,85;89,71
-;M0;D50/2°;38,44;-16,77;18,49;3,7;4,19;4,36;4,29;4,02;4,06;4,57;5,41;6,69;8,56;10,88;12,99;14,29;14,37;13,38;11,75;10,01;8,61;7,91;7,9;8,11;8,3;8,41;8,39;8,28;8,25;8,3;8,49;8,74;9;9,23
-;M0;D50/2°;44,44;-33,44;24,78;4,33;4,51;4,55;4,47;4,16;4,21;4,87;6;7,97;11,28;15,89;20,64;23,98;24,45;21,99;17,77;13,2;9,43;7,58;7,68;8,42;8,81;8,7;8,45;8,19;8,04;8,08;8,3;8,59;8,86;9,08
-;M0;D50/2°;93,84;-10,51;76,01;11,68;12,04;12,11;12,23;12,05;12,54;14,06;16,61;21,5;30,73;45,41;63,85;82,74;96,68;100,94;97,04;90,5;84,7;82,94;86,6;90,87;92,31;91,97;91,34;90,6;90,22;89,72;89,85;90,28;91,04;92,05
-;M0;D50/2°;34,96;-28,42;-16,66;6,68;9,13;10,35;10,91;11,41;12,42;14,04;16,24;18,82;21,2;22,54;21,85;18,88;14,33;9,89;6,58;4,39;3,13;2,79;3,02;3,32;3,77;4,45;4,64;4,34;4;3,82;3,99;4,37;4,71;4,95
-;M0;D50/2°;57,51;66,67;-15,56;40,96;44,65;45,28;44,69;43,11;40,7;37,27;32,63;27,15;21,43;16,66;13,24;10,91;9,31;8,29;7,67;7,4;9,64;18,44;34,89;53,12;67,8;77,12;83,48;87,79;90,96;92,02;91,9;90,81;89,69;88,64
-;M0;D50/2°;53,07;-56,86;0,7;10,76;13,31;14,48;14,91;14,94;15,96;18,54;22,5;28,05;35,11;42,53;47,74;48,3;42,72;33,2;23,07;14,14;7,5;4,7;5,32;6,88;7,92;8,28;7,92;7,13;6,45;6,25;6,71;7,55;8,26;8,75
-;M0;D50/2°;25,98;19,45;-17,26;8,79;10,67;11,03;10,92;10,54;10,02;9,3;8,3;7,1;5,82;4,73;3,94;3,47;3,35;3,42;3,46;3,45;3,64;4,3;5,44;6,57;7,31;7,51;7,67;8,1;8,85;9,69;10,45;11,05;11,61;12,15
-;M0;D50/2°;89,64;5,71;15,19;39,63;46,07;49,53;51,95;54,47;56,94;58,94;60,75;62,78;65,16;67,95;70,9;73,19;73,9;73,02;71,36;69,97;70,26;74;81,12;87,1;89,75;90,47;90,31;89,86;89,9;89,66;89,83;90,06;90,48;91,05
-;M0;D50/2°;35,47;26,01;-46,35;26,43;31,3;33,06;34,39;35,89;36,1;33,93;29,92;24,57;18,51;13,09;9,34;7,4;6,97;7,05;6,68;5,85;5,45;6,32;8,25;10,02;10,71;10,13;9,94;10,88;12,72;14,73;16,15;16,83;17,39;17,92
-;M0;D50/2°;83,08;-28,94;27,53;23;26,73;28,47;29,6;30,52;32,01;34,29;37,51;42,62;50,69;61,66;73,41;82,79;85,97;81,65;72,58;62,57;53,97;49,06;47,88;48,1;48,5;48,73;48,67;48,48;48,83;49,45;50,37;51,16;51,85;52,43
-;M0;D50/2°;78,65;18,93;-21,74;61,2;67,5;72,1;76,48;81,65;85,06;84,97;81,99;76,94;70,27;63,2;57,2;52,29;48,49;45,95;44,25;43,15;44,25;49,7;58,63;65,99;69,28;69,44;69,12;69,55;70,98;72,03;72,51;72,17;71,85;71,63
-;M0;D50/2°;56,01;3,5;-38,28;37,47;44,47;48,21;51,61;55,86;58,68;58,38;55,87;51,73;46,24;40,41;35,11;30,43;26,57;23,6;20,94;18,45;17,04;17,5;19,02;20,12;20,43;20,04;19,85;20,36;21,62;22,87;23,46;23,2;22,82;22,38
-;M0;D50/2°;38,48;-42,9;5,15;4,99;5,93;6,29;6,14;5,6;5,77;7,14;9,45;12,72;16,86;21,14;24;24,16;21,03;15,93;10,65;6,13;2,93;1,89;2,86;4,29;5,17;5,48;5,29;4,79;4,31;4,08;4,3;4,82;5,3;5,67
-;M0;D50/2°;68,88;-19,62;-39,01;48,88;57,19;63,23;69,78;78,55;85,31;87,23;85,73;82,04;76,99;71,49;66,45;61,03;54,64;47,52;39,76;32,15;26,35;23,54;22,49;21,56;20,97;20,8;20,87;21,43;22,87;24,43;25,18;24,76;24,15;23,44
-;M0;D50/2°;62,02;51,25;35,83;8,78;10,54;11,03;10,74;10,06;10,09;11,11;12,74;14,78;16,92;18,77;19,29;18,05;15,29;12,69;11,72;12,48;16,29;26,79;44,55;62,25;75,13;83;87,35;89,16;89,97;89,54;89,4;89,57;90,05;90,78
-;M0;D50/2°;75,1;-32,03;78,14;6,02;3,92;3,01;3,23;3,51;3,63;3,33;2,91;4,22;10,29;23,1;41,14;59,95;72,8;74,28;66,03;54,1;43,11;37,14;36,99;38,83;39,35;38,03;37,2;37,24;37,94;38,88;39,6;39,89;40,23;40,66
-;M0;D50/2°;68,68;-38,06;15,37;16,63;19,91;21,33;22,06;22,51;23,63;25,74;28,87;33,58;40,4;48,85;56,75;61,52;60,72;54,69;45,97;37,03;29,54;25,12;23,54;23,29;23,58;23,91;23,9;23,66;23,78;24,25;25,06;25,84;26,47;26,91
-;M0;D50/2°;39,71;-27,16;-35,01;9,9;14,61;17,65;20,36;24,06;27,75;30,5;32,97;35,03;35,94;34,97;31,45;25,45;18,22;11,91;7,4;4,49;2,95;2,77;3,19;3,28;3,57;4,46;4,76;4,46;4,21;4,16;4,36;4,62;4,87;5,05
-;M0;D50/2°;28,05;-15,04;-10,38;4,85;6,22;6,8;6,97;7,03;7,33;7,91;8,71;9,66;10,58;11,15;10,91;9,76;7,98;6,22;4,84;3,87;3,28;3,07;3,08;3,18;3,38;3,71;3,85;3,77;3,68;3,64;3,72;3,88;4,02;4,13
-;M0;D50/2°;63,39;19,23;27,55;10,44;13,08;13,99;13,99;13,56;13,83;15,18;17,32;20,08;23,09;25,87;27,49;27,54;26,18;24,66;24,05;24,44;26,45;31,73;40,06;47,37;51,72;53,56;54;53,92;54,14;54,28;54,93;55,88;56,98;58,2
-;M0;D50/2°;70,44;44,9;3,23;31,18;36,52;38,53;39,29;39,63;39,87;39,81;39,41;38,58;37,02;35;32,41;29,02;25,09;22,14;21,38;22,54;27,1;38,78;57,47;74,77;85,01;89,05;90,54;91,16;91,73;91,45;91,42;91,55;91,95;92,61
-;M0;D50/2°;46,19;35,6;-20,64;22,99;27,38;28,67;29,08;29,14;28,73;27,51;25,49;22,79;19,55;16,33;13,43;10,99;9,32;8,5;8,27;8,39;9,58;13,25;19,3;24,98;28,85;30,49;31,42;32,91;35,44;38,2;40,86;43,14;45,36;47,55
-;M0;D50/2°;65,38;-10,05;-15,22;29,59;36,12;39,53;42,37;45,89;48,72;49,76;49,71;49,04;47,91;46,67;45,34;43,53;41,16;38,43;35,26;31,96;29,42;28,18;27,63;27,1;27;27,24;27,48;27,87;28,84;29,85;30,54;30,63;30,6;30,5
-;M0;D50/2°;36,35;43,06;1,57;9,54;11,23;11,37;10,87;9,9;9,09;8,59;7,96;7,23;6,6;6,05;5,23;4,29;3,78;3,78;3,87;3,89;4,35;6,42;10,65;15,84;21,63;26,63;30,22;33,4;37,47;41,87;46,36;50,61;54,74;58,79
-;M0;D50/2°;75,62;6,6;-26,9;57,68;64,61;69,59;74,53;80,64;84,89;85,29;82,67;77,98;71,79;65,23;59,63;54,83;50,77;47,42;44,23;41,25;39,95;41,84;45,93;49,14;50,53;50,49;50,39;51,03;52,69;54,17;54,91;54,61;54,2;53,8
-;M0;D50/2°;22,37;11,43;-4,67;4,05;4,82;5,03;4,99;4,83;4,69;4,54;4,28;3,95;3,61;3,31;3,04;2,84;2,78;2,84;2,91;3,01;3,23;3,63;4,22;4,76;5,13;5,33;5,46;5,6;5,83;6,08;6,32;6,51;6,72;6,94
-;M0;D50/2°;38,93;11,86;-16,95;12,88;16,26;17,39;17,8;18,07;18,23;18,11;17,75;17,11;16,04;14,61;12,78;10,8;9,16;8,26;7,98;8,02;8,48;9,55;11;12,19;13,03;13,42;13,62;14,01;14,85;15,85;16,85;17,7;18,49;19,24
-;M0;D50/2°;45,94;-44,68;-22,11;11,16;15,4;17,8;19,46;21,4;23,94;26,95;30,67;34,95;39,04;41,69;41,23;36,76;28,81;20,18;12,96;7,55;4,03;2,86;3,35;4,02;4,67;5,5;5,56;4,96;4,39;4,17;4,48;5,09;5,61;5,96
-;M0;D50/2°;70,12;-45,85;6,68;21,05;25,09;27,05;28,34;29,48;31,24;33,79;37,31;42,48;49,93;59,06;67,39;71,71;68,97;59,91;48,06;36,43;26,99;21,87;20,62;20,91;21,39;21,59;21,37;20,95;20,97;21,47;22,33;23,17;23,81;24,21
-;M0;D50/2°;74,81;-5,78;28,86;16,11;19,81;21,28;21,83;22,12;22,95;24,59;26,99;30,37;34,84;40,16;45,27;49,27;51,38;51,51;50,2;48,39;47,02;46,9;48,01;49,1;50,04;50,9;51,27;51,26;51,62;51,95;52,57;53,2;53,85;54,51
-;M0;D50/2°;52,5;-29,87;5,76;10,51;13,09;14,14;14,58;14,83;15,5;16,76;18,6;21,2;24,64;28,53;31,62;32,78;31,34;27,93;23,63;19,33;15,77;13,52;12,36;11,86;11,9;12,22;12,33;12,21;12,26;12,49;12,92;13,35;13,7;13,93
-;M0;D50/2°;36,11;36,67;12,81;5,35;6,27;6,43;6,16;5,65;5,41;5,52;5,66;5,83;6,09;6,26;5,92;5,15;4,51;4,26;4,2;4,25;4,77;6,71;10,55;15,19;20,36;25;28,27;30,73;33,55;36,37;39,22;41,85;44,43;46,95
-;M0;D50/2°;80,44;21,9;10,86;33,08;39,13;41,92;43,55;45,07;46,59;47,81;48,87;49,85;50,55;51,02;51,02;50,1;48,12;46,16;45,23;45,49;48,29;56,24;69,05;80,23;86,03;87,82;87,99;87,72;87,79;87,43;87,51;87,78;88,29;89,02
-;M0;D50/2°;37,17;4,07;17,13;3,66;4,33;4,57;4,5;4,24;4,25;4,7;5,39;6,33;7,48;8,66;9,49;9,74;9,46;8,96;8,49;8,19;8,27;9,06;10,49;11,77;12,63;13,1;13,24;13,28;13,48;13,74;14,17;14,66;15,17;15,69
-;M0;D50/2°;70,62;27,42;6,28;26,11;31,58;33,81;34,87;35,73;36,63;37,38;38,04;38,53;38,49;37,94;36,63;34,42;31,63;29,54;29;29,79;32,89;40,6;52,53;62,97;68,77;70,76;71,17;71,23;71,66;71,75;72,12;72,57;73,2;74
-;M0;D50/2°;65,4;-4,66;61,47;4,42;4,15;4,01;3,96;3,74;3,83;4,38;5,29;7,15;10,92;17,13;24,92;32,67;38,25;40,19;38,9;36,22;33,97;33,89;36,22;38,67;39,89;39,95;39,77;39,69;39,99;40,29;40,74;41,16;41,68;42,33
-;M0;D50/2°;47,34;-7,29;32,49;3,83;4,18;4,3;4,22;3,93;3,99;4,6;5,6;7,18;9,59;12,78;16,03;18,49;19,47;18,93;17,4;15,62;14,33;14,33;15,58;16,89;17,65;17,86;17,81;17,69;17,74;17,86;18,16;18,5;18,88;19,27
-;M0;D50/2°;64,61;15,36;-11,88;30,07;36,29;39,15;41,16;43,42;45,09;45,35;44,65;43,17;40,82;38,06;35,16;32,24;29,65;27,96;27,09;26,76;27,75;31,28;36,75;41,24;43,63;44,28;44,37;44,7;45,7;46,56;47,23;47,49;47,74;48,04
-;M0;D50/2°;68,12;35,69;-27,67;55,16;60,74;64,04;66,86;69,88;71,19;69,35;64,89;58,44;50,48;42,61;36,18;31,25;27,73;25,62;24,59;24,29;26,49;34;46,25;57,11;62,71;63,57;63,64;64,52;66,27;67,47;67,96;67,58;67,23;67
-;M0;D50/2°;77,54;23,84;55,56;9,41;10,81;11,25;11,08;10,4;10,67;12,39;15,2;19,25;24,73;31,55;38,22;43,05;44,38;42,87;40,87;39,86;41,94;51,07;67,5;82,52;90,43;92,72;92,75;91,97;91,3;90,35;90,42;91,3;92,64;94,33
-;M0;D50/2°;73,72;-35,58;-17,75;38,53;45,57;50,02;54,18;59,34;63,93;66,73;68,57;70,35;72,69;75,4;77,5;76,77;71,3;61,92;50,87;40,19;31,66;26,86;24,87;23,93;23,74;23,99;24,08;24,17;24,91;25,99;26,89;27,19;27,25;27,09
-;M0;D50/2°;50,74;8,62;-50,68;41,01;48;51,98;55,97;61,15;64,29;63,17;58,95;52,48;44,41;36,38;29,78;24,75;21,23;18,65;16,03;13,31;11,69;12,14;13,9;15,2;15,37;14,52;14,13;14,78;16,27;17,71;18,19;17,58;16,84;16,09
-;M0;D50/2°;89,83;-15,12;13,17;39,31;45,59;49,24;52,13;55,36;58,51;61,07;63,48;66,56;70,98;76,69;82,95;88,07;89,9;87,49;82;75,9;70,78;67,89;67,22;66,99;67,03;67,56;67,85;67,89;68,53;69,11;69,77;70,07;70,33;70,54
-;M0;D50/2°;78,45;-9,84;-27,54;58,69;66,09;71,86;77,91;85,66;91,5;93,12;91,52;87,93;83,18;78,13;73,9;69,79;65,19;59,99;54,01;47,98;43,5;41,77;41,71;41,53;41,35;41,29;41,43;42,12;43,82;45,49;46,37;46,08;45,59;45,02
-;M0;D50/2°;34,26;-10,68;-41,57;10,52;15,01;17,88;20,75;24,83;28,31;29,76;30,1;29,44;27,52;24,49;20,49;15,85;11,42;8,01;5,55;3,84;2,98;2,97;3,22;3,1;3,07;3,51;3,76;3,8;3,98;4,22;4,33;4,21;4,09;3,99
-;M0;D50/2°;86,31;0,96;-15,5;62,76;69,64;75,18;80,8;87,78;93,03;94,55;93,11;89,83;85,43;80,76;77,23;74,44;71,98;69,4;66,17;62,84;60,97;61,82;64,63;66,64;67,38;67,54;67,65;68,18;69,66;70,84;71,43;71,05;70,62;70,21
-;M0;D50/2°;22,04;5,23;-19,24;5,67;7,1;7,63;7,92;8,22;8,39;8,19;7,71;6,98;6,1;5,22;4,43;3,81;3,44;3,27;3,1;2,95;2,92;3;3,15;3,27;3,31;3,31;3,35;3,44;3,6;3,74;3,79;3,73;3,68;3,63
-;M0;D50/2°;51,33;13,73;26,87;5,79;7,08;7,5;7,31;6,76;6,81;7,81;9,45;11,63;14,13;16,54;18,01;18,17;17,16;15,85;15;14,76;15,56;18,44;23,3;27,67;30,59;32,09;32,62;32,85;33,48;34,24;35,41;36,78;38,21;39,67
-;M0;D50/2°;30,96;-16,02;-1,84;4,66;5,77;6,2;6,26;6,15;6,29;6,76;7,48;8,42;9,51;10,52;10,95;10,57;9,48;8,11;6,79;5,67;4,86;4,41;4,23;4,22;4,34;4,59;4,7;4,64;4,6;4,6;4,73;4,9;5,06;5,18
-;M0;D50/2°;37,64;49,51;-8,32;16,26;18,73;18,7;17,72;15,93;14,12;12,56;10,72;8,72;6,95;5,62;4,55;3,8;3,74;4,11;4,24;3,99;4,13;6,12;10,78;17,03;24,12;30,16;34,67;38,65;43,38;48,16;52,7;56,72;60,56;64,27
-;M0;D50/2°;57,07;10,58;47,97;4,17;4,31;4,34;4,24;3,92;4,01;4,68;5,77;7,51;10,33;14,35;18,75;22,42;24,22;24,01;22,63;21,11;20,76;23,45;29,27;34,76;38,01;39,15;39,43;39,47;39,75;39,94;40,35;40,85;41,47;42,22
-;M0;D50/2°;70,7;-25,71;37,45;10,7;12,35;12,94;13,07;12,84;13,31;14,93;17,57;21,84;28,46;37,31;46,54;53,9;56,92;54,92;49,51;43,1;37,44;34,07;33,07;33,12;33,52;33,87;33,96;33,85;34,09;34,55;35,31;36,07;36,77;37,41
-;M0;D50/2°;31,84;35,34;-14,6;13,22;15,57;15,74;15,17;14;12,72;11,46;9,9;8,14;6,45;5,13;4,19;3,65;3,6;3,8;3,88;3,81;4,06;5,49;8,34;11,56;14,5;16,37;17,73;19,47;22,09;25,07;28,05;30,76;33,34;35,84
-;M0;D50/2°;86,5;-4,07;56,76;13,4;15,34;16,05;16,23;16,04;16,63;18,45;21,39;26,12;33,58;44,04;55,96;67,08;74,38;76,01;73,41;69,62;66,9;67,69;72,63;77,5;79,77;80,27;80,03;79,44;79,2;78,87;79,19;79,84;80,73;81,79
-;M0;D50/2°;62,47;36,41;24,02;12,04;14,92;15,84;15,78;15,28;15,4;16,45;18,12;20,18;22,2;23,75;24,01;22,64;19,96;17,59;16,86;17,72;21,05;29,44;42,88;55,29;63,2;67,01;68,56;69,03;69,45;69,38;69,76;70,45;71,36;72,45
-;M0;D50/2°;62,31;-2,11;20,73;11,45;14,42;15,55;15,87;15,94;16,49;17,73;19,56;22,03;24,99;28,11;30,57;31,88;31,98;31,37;30,46;29,56;29,15;29,8;31,31;32,62;33,69;34,52;34,84;34,87;35,21;35,56;36,15;36,76;37,38;37,99
-;M0;D50/2°;74,26;-20,43;-22,83;44,27;51,96;57,07;62,18;68,8;74,09;76,08;75,85;74,43;72,49;70,56;68,93;66,57;62,6;57,02;50,14;43,07;37,31;33,88;31,84;30,25;29,63;29,83;30,17;30,74;32,07;33,49;34,32;34,19;33,86;33,41
-;M0;D50/2°;88,21;-12,99;25,52;28,92;34,18;36,79;38,52;40,25;42,31;44,65;47,5;51,54;57,38;64,95;73,1;80,09;83,72;82,87;78,69;73,67;69,41;67,25;67,4;67,95;68,41;69,06;69,33;69,23;69,61;69,92;70,51;70,99;71,48;71,97
-;M0;D50/2°;52,65;19,02;-26,78;28,66;34,47;36,94;38,69;40,66;41,76;41,06;39,04;35,94;31,87;27,56;23,6;20,21;17,69;16,23;15,39;14,87;15,39;17,92;21,95;25,33;27,13;27,4;27,45;28,08;29,46;30,83;31,83;32,26;32,62;32,98
-;M0;D50/2°;59,01;30,71;-2,53;21,32;26,09;27,83;28,55;29,04;29,47;29,59;29,46;28,97;27,87;26,26;24,05;21,33;18,6;16,87;16,53;17,25;19,72;25,69;34,85;42,97;47,92;49,92;50,66;51,28;52,43;53,42;54,5;55,47;56,51;57,64
-;M0;D50/2°;58,73;-8,38;-47,87;44,32;52,32;57,56;63,1;70,51;75,82;76,37;73,52;68,29;61,31;53,85;47,12;40,91;35,23;30,12;24,98;20;16,48;15,38;15,59;15,56;15,2;14,67;14,51;15,07;16,46;17,9;18,46;17,89;17,17;16,4
-;M0;D50/2°;39,08;26,99;-7,01;11,24;13,88;14,54;14,45;13,98;13,61;13,38;13,12;12,73;12,11;11,23;9,91;8,28;6,83;6,02;5,89;6,21;7,2;9,59;13,32;16,84;19,52;21,07;21,94;22,88;24,41;26,15;28;29,74;31,45;33,12
-;M0;D50/2°;60,64;3,1;-23,93;32,32;38,96;42,28;44,99;48,28;50,64;50,89;49,7;47,46;44,25;40,66;37,14;33,68;30,54;28,05;25,91;23,99;23,08;23,92;25,82;27,24;27,94;28;27,99;28,4;29,48;30,55;31,22;31,25;31,19;31,09
-;M0;D50/2°;29,57;-2,45;8,74;3,1;3,66;3,89;3,86;3,69;3,72;4;4,42;4,97;5,63;6,27;6,64;6,66;6,45;6,18;5,92;5,73;5,67;5,75;5,93;6,08;6,26;6,47;6,57;6,57;6,62;6,7;6,87;7,08;7,31;7,53
-;M0;D50/2°;60,42;-35,85;-8,01;19,67;24,49;26,83;28,45;30,21;32,18;34,14;36,39;39,28;42,89;46,73;49,37;49,26;45,47;39,12;31,89;25,01;19,48;16,2;14,66;13,98;13,97;14,33;14,43;14,3;14,47;14,92;15,52;15,97;16,27;16,38
-;M0;D50/2°;43,32;-10,68;-33,11;17,94;23,14;25,74;27,97;30,88;33,15;33,72;33,28;32,04;29,99;27,45;24,52;21,21;17,88;14,99;12,41;10,14;8,56;7,91;7,65;7,36;7,21;7,28;7,38;7,59;8,1;8,68;9,01;8,95;8,82;8,64
-;M0;D50/2°;35,9;-15,2;-15,3;8,5;11,05;12,16;12,78;13,43;14,15;14,76;15,38;16;16,49;16,65;16,07;14,61;12,54;10,46;8,65;7,16;6,13;5,59;5,31;5,16;5,22;5,5;5,64;5,64;5,72;5,87;6,07;6,22;6,33;6,38
-;M0;D50/2°;73,1;21,9;22,55;18,87;23,19;24,82;25,31;25,41;26,05;27,44;29,44;31,93;34,58;37,07;38,6;38,63;37,1;35,28;34,49;34,89;37,54;44,78;56,36;66,54;72,11;74,06;74,32;74,03;74,05;73,82;74,18;74,89;75,83;76,96
-;M0;D50/2°;34,77;35,86;-29,04;21,68;25,18;25,68;25,27;24,16;22,57;20,49;17,66;14,29;10,82;7,96;6;4,98;4,83;5,03;5,01;4,73;4,88;6,54;9,8;13,13;15,55;16,31;16,88;18,65;21,93;25,97;30,02;33,72;37,25;40,66
-;M0;D50/2°;76,32;-5,03;-18,79;47,07;54,56;59,37;63,93;69,66;74,06;75,38;74,51;72,26;69,11;65,72;62,8;59,93;56,86;53,57;49,75;45,85;43,13;42,55;43,28;43,68;43,88;44,05;44,24;44,78;46,17;47,49;48,26;48,13;47,89;47,6
-;M0;D50/2°;48,44;29,91;35,32;4,07;4,51;4,63;4,44;4,04;4,07;4,69;5,65;6,98;8,74;10,78;12,35;12,95;12,38;11,23;10,19;9,65;10,48;14,49;21,98;29,64;35,58;39,47;41,73;42,87;43,78;44,17;44,58;44,91;45,33;45,85
-;M0;D50/2°;55,08;28,25;8,38;13,28;16,63;17,74;17,91;17,75;17,91;18,51;19,38;20,31;20,97;21,07;20,16;18,23;15,88;14,24;13,92;14,64;16,85;22,02;29,94;37,05;41,71;44,01;44,97;45,59;46,67;47,7;49,02;50,4;51,87;53,39
-;M0;D50/2°;33,79;13,59;-46,32;20,36;25,26;27,44;29,41;32,03;33,44;32,32;29,43;25,22;20,11;15,24;11,49;9,07;7,92;7,38;6,59;5,53;4,89;5,12;5,89;6,47;6,47;5,95;5,8;6,31;7,31;8,31;8,73;8,51;8,22;7,95
-;M0;D50/2°;51,5;36,63;23,61;7,39;9,01;9,46;9,23;8,62;8,56;9,3;10,49;11,98;13,54;14,76;14,91;13,79;11,84;10,17;9,55;9,93;11,94;17,49;26,76;35,86;42,79;47,21;49,67;51,06;52,48;53,58;54,9;56,29;57,78;59,36
-;M0;D50/2°;76,62;15,66;-4,46;38,57;45,41;49;51,77;54,96;57,44;58,23;57,82;56,52;54,34;51,77;49,3;46,92;44,86;43,57;42,98;42,93;44,53;49,38;56,9;63,06;66,15;67,01;67,1;67,3;68,18;68,76;69,25;69,37;69,58;69,9
-;M0;D50/2°;68,25;-21,53;-0,7;23,53;28,94;31,57;33,46;35,6;37,72;39,38;41;42,99;45,53;48,48;50,94;51,82;50,37;46,92;42,2;37,23;32,99;30,14;28,26;27,02;26,82;27,34;27,72;27,94;28,59;29,35;30,08;30,46;30,7;30,81
-;M0;D50/2°;53,79;-7,41;-42,37;34,06;41,39;45,56;49,61;54,96;58,81;59,18;57,2;53,51;48,45;42,93;37,7;32,71;28,12;24,13;20,27;16,58;14,01;13,19;13,28;13,18;12,93;12,63;12,56;13,01;14,1;15,26;15,77;15,44;14,97;14,46
-;M0;D50/2°;73,71;-8,3;50,84;8,44;9,65;10,05;9,99;9,54;9,85;11,4;13,96;17,98;24,01;31,99;40,49;47,81;52,11;52,62;50,36;47,18;44,63;44,27;46,3;48,52;49,93;50,6;50,73;50,56;50,74;50,98;51,65;52,45;53,34;54,28
-;M0;D50/2°;43,65;-18,46;-21,62;13,67;17,75;19,69;21,15;22,96;24,57;25,41;25,89;26,14;26,08;25,68;24,57;22,47;19,56;16,5;13,58;10,98;9,05;8,03;7,51;7,14;7,07;7,29;7,42;7,47;7,73;8,09;8,39;8,49;8,53;8,49
-;M0;D50/2°;28,87;-4,23;-11,93;6,02;7,66;8,28;8,53;8,71;8,94;9,13;9,27;9,38;9,36;9,15;8,58;7,68;6,7;5,92;5,33;4,92;4,7;4,63;4,58;4,54;4,6;4,78;4,88;4,93;5,04;5,18;5,33;5,44;5,54;5,62
-;M0;D50/2°;40,3;1,6;11,87;5,29;6,57;7;6,92;6,6;6,61;7,17;8,09;9,3;10,65;11,85;12,42;12,23;11,49;10,73;10,21;9,95;10,06;10,75;11,88;12,87;13,62;14,12;14,3;14,34;14,56;14,87;15,38;15,95;16,53;17,09
-;M0;D50/2°;52,63;36,57;-31,7;37,56;42,95;45,04;46,36;47,52;47,48;45,31;41,38;36,08;29,82;23,86;19,14;15,77;13,71;12,68;12,15;11,88;13,07;17,61;25,19;32,09;36,02;36,78;37,1;38,38;40,68;42,89;44,54;45,44;46,27;47,1
-;M0;D50/2°;75,5;30,94;3,75;34,05;40,05;42,67;44,1;45,3;46,37;46,98;47,21;47,05;46,2;44,85;42,93;40,19;36,81;34,19;33,36;34,12;37,81;47,36;62,41;75,69;82,81;84,98;85,29;85,25;85,55;85,36;85,49;85,76;86,28;87,01
-;M0;D50/2°;59,16;-14,99;-30,91;31,72;38,8;42,75;46,4;51,12;54,78;55,79;55,12;53,32;50,64;47,57;44,35;40,59;36,27;31,83;27,26;22,84;19,51;17,88;17,16;16,51;16,17;16,14;16,22;16,57;17,51;18,54;19,13;19,01;18,76;18,41
-;M0;D50/2°;49,37;-14,09;19,25;6,29;7,74;8,27;8,3;8,09;8,31;9,2;10,62;12,64;15,27;18,23;20,67;22,05;22,11;21,19;19,68;18,02;16,6;15,71;15,22;15;15,19;15,64;15,87;15,87;16,02;16,25;16,67;17,11;17,52;17,89
-;M0;D50/2°;57,63;-42,02;22,13;8,7;10,01;10,47;10,51;10,15;10,49;12,03;14,59;18,64;24,69;32,36;39,61;44,09;43,68;38,72;31,39;23,83;17,56;14,1;13,35;13,75;14,19;14,31;14,13;13,77;13,62;13,8;14,34;15,01;15,57;16
-;M0;D50/2°;71;22,43;63,99;5,29;5,38;5,37;5,16;4,59;4,74;5,93;7,86;10,82;15,31;21,49;28,17;33,64;36,1;35,57;33,87;32,56;33,75;41,05;54,69;67,2;73,86;75,66;75,67;75,22;75,04;74,68;75,03;75,92;77,17;78,73
-;M0;D50/2°;82,43;-0,19;36,05;18,72;22,57;24,16;24,86;25,29;26,31;28,14;30,76;34,54;39,8;46,47;53,43;59,37;62,82;63,28;61,71;59,68;58,66;60,32;64,84;68,97;71,17;72,09;72,21;71,91;71,97;71,91;72,34;72,93;73,69;74,56
-;M0;D50/2°;40,36;24,05;13,1;5,62;6,9;7,27;7,11;6,68;6,59;7,04;7,75;8,62;9,48;10,06;9,89;8,99;7,8;6,96;6,74;7,03;8,03;10,51;14,48;18,31;21,41;23,52;24,72;25,58;26,8;28,12;29,66;31,22;32,79;34,35
-;M0;D50/2°;73,8;7,16;-18,13;45,07;52,3;56,6;60,45;65,17;68,63;69,27;67,85;64,99;60,98;56,61;52,71;49,2;46,19;43,84;41,72;39,81;39,3;41,45;45,46;48,58;50,07;50,35;50,39;50,86;52,19;53,35;54,04;53,96;53,83;53,72
-;M0;D50/2°;62,09;50,68;10,65;19,45;23,38;24,53;24,55;24,09;23,87;23,95;24,11;24,18;23,87;23,12;21,48;18,76;15,37;12,79;12,1;13,08;16,99;27,18;43,95;60,31;71,65;77,9;81,23;82,85;83,93;83,91;83,96;84,05;84,36;84,87
-;M0;D50/2°;43,65;8,78;-32,43;21,86;27,09;29,29;30,88;32,76;33,91;33,44;31,86;29,37;26,01;22,36;18,87;15,79;13,5;12,09;11,11;10,28;10,02;10,69;11,86;12,75;13,19;13,16;13,18;13,66;14,7;15,82;16,61;16,92;17,15;17,34
-;M0;D50/2°;75,81;-24,35;18,52;20,82;25,06;26,98;28,13;29,15;30,64;32,68;35,43;39,45;45,24;52,53;59,7;64,77;65,77;62,43;56,36;49,68;43,9;40,3;38,73;38,11;38,28;38,84;39,12;39,14;39,6;40,23;41,07;41,75;42,31;42,76
-;M0;D50/2°;66,48;-28,48;60,09;5,16;4,28;3,89;3,92;3,81;3,97;4,48;5,38;7,74;13,24;22,71;34,63;45,99;52,79;52,58;46,74;38,81;31,63;27,74;27,52;28,6;29,13;28,7;28,35;28,3;28,68;29,28;29,93;30,41;30,91;31,43
-;M0;D50/2°;81,97;13,16;19,27;28,03;33,61;36,11;37,44;38,59;40,04;41,74;43,75;46,2;48,95;51,86;54,31;55,55;55,08;53,64;52,38;51,88;53,43;59,2;69,02;77,52;81,86;83,22;83,24;82,82;82,8;82,52;82,78;83,3;84,03;84,94
-;M0;D50/2°;60,61;-45,79;3,23;15,22;18,62;20,16;20,99;21,6;22,87;25,09;28,28;32,85;39,03;46,08;51,82;53,85;50,37;42,61;33,31;24,46;17,42;13,66;12,78;13,05;13,49;13,76;13,59;13,14;12,95;13,16;13,77;14,48;15,04;15,39
-;M0;D50/2°;68,33;15,72;-27,41;48,51;55,33;59,34;62,93;67,21;69,95;69,57;66,77;62,18;56,15;49,77;44,17;39,42;35,69;33,13;31,23;29,74;29,93;33,35;39,17;43,93;46,16;46,22;46,04;46,63;48,16;49,49;50,19;50,03;49,8;49,59
-;M0;D50/2°;45,74;-51,64;12,84;5,87;6,66;6,95;6,84;6,31;6,55;8,11;10,74;14,69;20,18;26,57;31,84;33,89;31,2;24,92;17,47;10,55;5,32;3,22;4,12;5,82;6,8;6,92;6,55;5,94;5,42;5,25;5,56;6,18;6,73;7,15
-;M0;D50/2°;63,93;27,68;-17,76;36,15;42,34;45,2;47,26;49,51;50,83;50,22;48,15;44,88;40,52;35,9;31,71;28,04;25,12;23,34;22,62;22,63;24,49;30,14;39,04;46,72;50,81;51,73;51,88;52,43;53,66;54,57;55,12;55,13;55,17;55,3
-;M0;D50/2°;23,95;5,57;-14,36;5,62;6,99;7,45;7,59;7,66;7,68;7,54;7,22;6,77;6,19;5,56;4,91;4,29;3,85;3,62;3,49;3,42;3,48;3,67;3,93;4,16;4,28;4,34;4,39;4,48;4,66;4,85;5;5,07;5,15;5,22
-;M0;D50/2°;44,38;38,36;-10,06;16,57;20,01;20,86;20,83;20,38;19,83;19,14;18,11;16,76;15,08;13,3;11,32;9,29;7,62;6,71;6,51;6,79;8,13;11,94;18,3;24,58;29,44;32,28;34,01;35,75;38,25;40,85;43,46;45,81;48,12;50,41
-;M0;D50/2°;77,36;-28,35;4,78;29,44;35,01;37,94;40,16;42,6;45,15;47,46;49,96;53,36;58,24;64,35;70,25;73,74;72,65;66,99;58,72;50,16;42,97;38,64;36,74;35,94;35,98;36,44;36,68;36,75;37,37;38,2;39,09;39,63;40;40,19
-;M0;D50/2°;43,26;39,26;0,77;11,46;13,96;14,52;14,3;13,69;13,24;13,05;12,84;12,54;12,08;11,39;10,16;8,45;6,82;5,82;5,59;5,91;7,28;11,07;17,5;24,09;29,63;33,44;35,84;37,74;40,07;42,35;44,66;46,8;48,91;51,02
-;M0;D50/2°;57,02;48,57;-7,06;25,84;30,4;31,76;32,08;31,98;31,56;30,55;28,92;26,7;23,91;21,04;18,17;15,29;12,66;10,96;10,52;11,09;13,89;21,7;34,66;47,32;56,11;60,67;63,24;65,11;67,1;68,37;69,36;70,01;70,73;71,57
-;M0;D50/2°;52,67;-44,53;37,45;4,81;4,27;4,03;4,02;3,79;3,91;4,57;5,71;8,13;13,04;20,77;29,63;36,77;38,97;35,35;27,94;19,59;12,62;9,28;9,72;11,35;12,06;11,56;10,98;10,62;10,53;10,77;11,19;11,63;12,04;12,39
-;M0;D50/2°;49,73;-2,49;-17,79;18,27;23,06;25,12;26,48;28,05;29,3;29,67;29,53;28,98;27,95;26,57;24,77;22,58;20,33;18,49;16,96;15,63;14,85;14,88;15,28;15,55;15,83;16,07;16,21;16,47;17,13;17,83;18,4;18,64;18,81;18,93
-;M0;D50/2°;70,17;-31,25;-13,6;31,89;38,41;42,13;45,4;49,4;53,01;55,23;56,8;58,44;60,58;63,13;65,16;64,89;60,91;53,83;45,25;36,77;29,9;25,9;24,01;22,99;22,74;22,97;23,08;23,19;23,85;24,78;25,57;25,85;25,94;25,85
-;M0;D50/2°;66,27;-18,1;15,16;15,35;19,01;20,54;21,32;21,97;23;24,49;26,51;29,35;33,17;37,71;41,83;44,45;44,76;42,93;39,66;35,97;32,74;30,6;29,36;28,66;28,75;29,34;29,69;29,79;30,22;30,75;31,43;31,98;32,45;32,83
-;M0;D50/2°;31,62;17;-10,34;8,22;10,21;10,74;10,75;10,55;10,34;10,1;9,74;9,25;8,6;7,84;6,92;5,95;5,18;4,79;4,71;4,85;5,31;6,38;7,99;9,46;10,49;11;11,27;11,67;12,41;13,28;14,17;14,97;15,74;16,5
-;M0;D50/2°;61,72;-32,59;-28,64;29,82;36,92;41,18;45,26;50,6;55,16;57,39;58,3;58,57;58,48;58,12;56,96;53,74;47,75;40,03;31,75;23,98;17,98;14,81;13,55;12,81;12,52;12,65;12,69;12,74;13,29;14,1;14,67;14,69;14,55;14,27
-;M0;D50/2°;83,77;-5,24;-14,26;54,88;62,24;67,55;72,81;79,41;84,53;86,25;85,46;83,2;80,12;76,94;74,63;72,68;70,54;67,75;63,91;59,77;56,77;55,91;56,45;56,65;56,7;56,95;57,25;57,84;59,32;60,62;61,34;61,09;60,74;60,38
-;M0;D50/2°;37,59;-8,16;4,26;5,72;7,16;7,68;7,76;7,68;7,82;8,25;8,89;9,75;10,74;11,7;12,21;12,13;11,57;10,85;10,12;9,45;8,95;8,66;8,47;8,36;8,47;8,75;8,9;8,92;9,04;9,19;9,44;9,69;9,91;10,11
-;M0;D50/2°;44,27;-41,54;6,26;6,64;8,05;8,61;8,67;8,41;8,78;10,15;12,36;15,54;19,71;24,28;27,69;28,56;26,07;21,28;15,85;10,87;7,04;5,23;5,26;5,94;6,49;6,78;6,69;6,31;5,99;5,91;6,19;6,68;7,1;7,4
-;M0;D50/2°;48,02;16,09;7,19;9,7;12,27;13,07;13,05;12,65;12,65;13,3;14,35;15,62;16,76;17,41;17;15,56;13,68;12,31;11,88;12,17;13,3;15,95;19,89;23,34;25,76;27,1;27,64;28,03;28,9;29,94;31,29;32,72;34,16;35,58
-;M0;D50/2°;30,33;7,92;-31,26;12,25;15,54;16,78;17,6;18,55;19,06;18,61;17,48;15,79;13,6;11,31;9,2;7,45;6,29;5,66;5,2;4,79;4,64;4,87;5,25;5,54;5,64;5,55;5,57;5,83;6,36;6,9;7,22;7,25;7,25;7,23
-;M0;D50/2°;17,9;0,29;1,3;2,05;2,24;2,36;2,36;2,29;2,3;2,35;2,36;2,35;2,38;2,43;2,45;2,44;2,45;2,49;2,47;2,48;2,53;2,54;2,54;2,54;2,53;2,59;2,64;2,63;2,6;2,56;2,55;2,55;2,58;2,63
-;M0;D50/2°;74,54;13,18;37,77;13,06;15,94;16,97;17,08;16,74;17,19;18,9;21,6;25,32;29,97;35,21;39,83;42,78;43,33;42,23;40,97;40,34;41,59;46,96;56,39;64,77;69,31;70,87;70,96;70,51;70,38;70,14;70,58;71,46;72,57;73,85
-;M0;D50/2°;60,53;-23,12;-40,77;36,84;44,94;50,19;55,64;63;68,8;70,63;69,86;67,36;63,62;59,27;54,76;49,38;42,87;35,86;28,66;21,88;16,81;14,42;13,61;12,9;12,41;12,29;12,29;12,58;13,52;14,64;15,17;14,84;14,35;13,78
-;M0;D50/2°;82,32;16,59;-10,91;54,03;60,86;65,34;69,38;74,16;77,62;78,24;76,63;73,46;69,02;64,23;60,22;56,95;54,41;52,77;51,71;51,17;52,65;58,12;66,92;74,13;77,42;77,96;77,84;78,07;79,09;79,69;79,98;79,69;79,51;79,47
-;M0;D50/2°;80,15;6,56;68,19;7,27;7,58;7,65;7,55;7,11;7,4;8,81;11,13;14,96;21,21;30,3;40,83;50,63;56,88;58,25;56,29;53,57;52,53;56,38;65,61;74,22;78,41;79,2;78,84;78,2;77,89;77,47;77,75;78,47;79,53;80,86
-;M0;D50/2°;52,25;52,73;13,73;12,19;14,69;15,24;14,93;14,24;13,84;13,86;14;14,16;14,21;13,97;12,88;10,9;8,61;6,99;6,49;6,93;9,28;16,08;28,03;40,93;52,04;60,23;65,55;68,56;70,74;71,66;72,28;72,6;73;73,49
-;M0;D50/2°;73,8;30,56;42,34;11,74;14,12;14,9;14,77;14,11;14,36;15,99;18,65;22,23;26,55;31,23;34,98;36,65;35,51;33,03;31,43;31,44;34,68;44,85;62,03;77,71;86,46;89,56;90,13;89,66;89,15;88,24;88,25;89;90,16;91,63
-;M0;D50/2°;83,2;-15,94;-13,92;51,8;59,18;64,47;69,74;76,41;81,76;83,95;83,91;82,79;81,42;80,31;79,95;79,23;76,98;72,66;66,45;59,79;54,27;50,93;49,02;47,48;46,9;47,22;47,68;48,31;49,78;51,2;52,04;51,89;51,55;51,12
-;M0;D50/2°;88,79;-0,48;23,24;31,73;37,57;40,46;42,32;44,19;46,28;48,43;50,85;53,99;58,11;63,19;68,56;73,15;75,67;75,62;73,78;71,69;70,71;72,31;76,6;80,3;82,04;82,8;82,87;82,53;82,64;82,52;82,83;83,18;83,68;84,29
-;M0;D50/2°;49,18;-1,27;10,68;8,47;10,75;11,56;11,74;11,7;11,97;12,69;13,76;15,14;16,68;18,13;18,94;18,95;18,34;17,64;17,04;16,58;16,47;16,93;17,76;18,46;19,1;19,64;19,87;19,92;20,19;20,5;20,95;21,39;21,83;22,24
-;M0;D50/2°;74,69;-41,11;29,34;15,9;17,95;18,82;19,42;19,7;20,63;22,55;25,52;30,58;39,1;51,12;64,06;74,03;76,46;70,19;58,77;46,44;36,06;30,49;29,71;30,7;31,36;31,16;30,71;30,32;30,44;31,01;31,9;32,74;33,47;34,04
-;M0;D50/2°;36,32;24,05;-24,46;16,38;19,98;20,96;21,2;21,16;20,78;19,81;18,29;16,27;13,86;11,46;9,31;7,56;6,48;6,05;5,93;5,92;6,39;7,9;10,33;12,57;14,05;14,52;14,81;15,64;17,22;19,05;20,8;22,26;23,64;24,96
-;M0;D50/2°;50,56;16,43;-11,03;17,85;22,29;23,91;24,63;25,21;25,68;25,81;25,66;25,21;24,19;22,67;20,57;18,06;15,74;14,31;13,82;13,91;14,89;17,42;21,14;24,27;26,22;27,02;27,3;27,75;28,82;30;31,22;32,27;33,28;34,28
-;M0;D50/2°;56,88;-6,88;36,27;5,53;6,45;6,74;6,6;6,12;6,23;7,32;9,15;11,85;15,57;20,04;24,22;27,18;28,25;27,61;25,97;24,11;22,8;22,91;24,36;25,85;26,91;27,49;27,61;27,52;27,72;28,03;28,66;29,4;30,16;30,93
-;M0;D50/2°;36,89;-29,34;0,49;5,56;6,9;7,43;7,49;7,3;7,55;8,49;9,97;11,99;14,45;16,9;18,35;18,13;16,09;13,08;10;7,33;5,35;4,41;4,36;4,66;5;5,33;5,38;5,17;4,97;4,91;5,09;5,41;5,69;5,9
-;M0;D50/2°;60,87;-42,9;-19,26;23,66;29,6;32,88;35,56;38,8;42,09;44,79;47,49;50,59;54,13;57,45;59,03;57;50,37;40,94;31,08;22,2;15,43;12;11,13;11,04;11,22;11,54;11,46;11,13;11,16;11,56;12,15;12,59;12,86;12,92
-;M0;D50/2°;95,77;-1,4;-3,26;65,81;72,58;78,41;84,36;91,75;97,56;99,84;99,33;97,27;94,5;91,8;90,75;91,07;92;92,09;90,36;88,04;86,48;86,33;87,48;87,83;87,49;87,66;87,94;88,28;89,33;89,89;90,01;89,32;88,66;88,09
-;M0;D50/2°;59,81;-24,49;-19,3;24,65;30,68;33,88;36,62;40,08;43,04;44,46;45,08;45,35;45,49;45,61;45,25;43,56;40,11;35,43;30,09;24,8;20,53;17,93;16,39;15,32;14,97;15,18;15,37;15,57;16,2;16,97;17,53;17,62;17,57;17,4
-;M0;D50/2°;43,32;-14,16;-3,22;9,2;11,71;12,71;13,18;13,59;14,11;14,68;15,36;16,21;17,19;18,16;18,64;18,32;17,25;15,82;14,23;12,66;11,39;10,53;9,89;9,46;9,43;9,7;9,87;9,93;10,13;10,38;10,67;10,88;11,04;11,14
-;M0;D50/2°;65,65;14,64;10,32;18,36;22,92;24,7;25,43;25,95;26,74;27,79;29,11;30,6;31,91;32,82;32,85;31,83;30,14;28,78;28,31;28,59;30,19;34,32;40,6;45,92;49,03;50,32;50,62;50,65;51,11;51,45;52,05;52,67;53,37;54,14
-;M0;D50/2°;83,36;7,37;-7,27;49,43;56,64;61,24;65,42;70,51;74,42;75,62;74,82;72,75;69,76;66,6;64,19;62,36;60,96;59,78;58,37;56,99;56,98;59,71;64,6;68,44;70,22;70,78;70,96;71,3;72,38;73,1;73,48;73,21;72,97;72,82
-;M0;D50/2°;92,96;-1,22;-2,1;58,65;65,85;71,32;76,66;83,31;88,59;90,73;90,51;88,97;86,81;84,71;83,95;84,26;85,03;85,09;83,56;81,46;80,07;80,07;81,25;81,7;81,59;81,93;82,3;82,65;83,71;84,31;84,53;83,99;83,48;83,04
-;M0;D50/2°;29,23;9,59;2,78;4,16;5,06;5,35;5,31;5,1;5,04;5,2;5,43;5,71;5,96;6,09;5,92;5,47;4,96;4,63;4,53;4,65;5,02;5,76;6,82;7,75;8,39;8,78;8,95;9,06;9,32;9,62;10,02;10,44;10,86;11,29
-;M0;D50/2°;66,25;10,2;45,07;6,9;8,17;8,58;8,4;7,8;7,98;9,42;11,8;15,16;19,54;24,61;29,21;32,35;33,32;32,65;31,52;30,73;31,32;35,11;42,05;48,25;51,76;53,03;53,15;52,89;52,95;53,01;53,63;54,58;55,69;56,93
-;M0;D50/2°;58,95;-26,62;31,23;7,21;8,32;8,69;8,64;8,24;8,46;9,72;11,84;15,18;20,14;26,47;32,66;37,1;38,34;36,33;32,23;27,56;23,46;20,91;19,9;19,71;19,94;20,28;20,39;20,29;20,4;20,7;21,27;21,89;22,45;22,94
-;M0;D50/2°;46,51;-30,65;-9,2;11,04;14,19;15,65;16,57;17,55;18,74;20;21,51;23,38;25,56;27,69;28,78;28,03;25,21;21,23;16,99;13,09;10,05;8,29;7,49;7,17;7,23;7,57;7,68;7,56;7,57;7,75;8,07;8,35;8,56;8,66
-;M0;D50/2°;48,1;-25,04;-44,37;20,54;27,61;32,2;37,04;43,85;49,55;51,87;52,23;51,12;48,57;44,9;40,25;34,33;27,5;20,88;14,85;9,72;6,25;5,08;5,24;5,15;4,99;5,22;5,29;5,28;5,63;6,18;6,46;6,25;6;5,74
-;M0;D50/2°;35,89;-1,58;-22,91;11,43;14,77;16,12;16,96;17,91;18,67;18,82;18,62;18,07;17,07;15,7;13,94;11,92;10,07;8,75;7,83;7,16;6,83;6,83;6,9;6,9;6,98;7,14;7,26;7,44;7,84;8,29;8,67;8,86;9,01;9,11
-;M0;D50/2°;74,6;-14,91;-9,01;35,19;42,15;46,11;49,6;53,94;57,56;59,23;59,73;59,74;59,66;59,79;60,05;59,68;58,08;55,11;50,84;46,14;42,18;39,62;37,89;36,49;36,1;36,55;37,03;37,53;38,66;39,79;40,58;40,66;40,61;40,47
-;M0;D50/2°;45,03;-31,96;-27;13,73;18,36;20,93;23,08;25,84;28,54;30,46;32,17;33,75;34,93;35,3;34,02;30,5;24,97;18,96;13,55;9,1;6,03;4,79;4,79;4,93;5,14;5,57;5,63;5,4;5,32;5,46;5,72;5,92;6,04;6,08
-;M0;D50/2°;68,01;-10,12;-30,8;44,26;51,92;56,76;61,49;67,58;72,16;73,26;71,91;68,95;64,86;60,4;56,23;51,91;47,25;42,48;37,43;32,47;28,85;27,49;27,43;27,26;27,13;27,04;27,1;27,64;28,99;30,4;31,16;30,96;30,59;30,14
-;M0;D50/2°;83,53;-13,84;1,42;39,72;46,52;50,52;53,9;57,93;61,46;63,57;64,88;66,14;67,87;70,21;72,91;74,8;74,68;72,06;67,42;62,25;57,92;55,37;54,2;53,34;53,14;53,63;54,03;54,36;55,34;56,27;57,02;57,18;57,23;57,22
-;M0;D50/2°;84,33;-15,81;43,55;16,6;19,41;20,57;21,13;21,41;22,36;24,33;27,33;32,09;39,56;49,82;61,21;71,4;77,4;77,49;73,12;67,39;62,33;59,75;60,08;61,12;61,83;62,29;62,39;62,19;62,4;62,65;63,29;63,96;64,68;65,43
-;M0;D50/2°;54,2;-52,21;10,22;9,56;11,36;12,09;12,28;12,06;12,67;14,67;17,87;22,64;29,24;36,94;43,37;46,01;42,87;35,24;26,04;17,36;10,62;7,46;7,64;8,91;9,73;9,87;9,5;8,87;8,4;8,35;8,82;9,56;10,19;10,63
-;M0;D50/2°;66,53;-32,89;-36,02;39,85;48,05;53,69;59,64;67,61;74,15;76,87;77,13;75,98;74,09;71,81;69,15;64,62;57,2;47,8;37,65;28,05;20,7;16,97;15,68;14,85;14,39;14,36;14,34;14,52;15,39;16,56;17,24;17,09;16,74;16,26
-;M0;D50/2°;69,57;46,62;-14,02;45,82;51,31;53,86;55,52;56,96;57,37;55,87;52,73;48,22;42,54;36,85;31,94;27,72;24,14;21,83;21,2;21,94;25,91;36,85;54,53;70,82;80,06;82,97;84;84,96;86,2;86,56;86,59;86,22;86,05;86,09
-;M0;D50/2°;48,91;-49,85;-12,19;11,24;14,76;16,56;17,57;18,48;20,19;22,93;26,72;31,54;36,9;41,55;43,46;41,1;34,18;25,3;17,02;10,29;5,57;3,73;4,21;5,21;6,02;6,64;6,53;5,85;5,24;5,02;5,39;6,08;6,67;7,07
-;M0;D50/2°;45,48;51,48;20,12;7,24;8,53;8,75;8,37;7,74;7,46;7,63;7,91;8,25;8,7;8,97;8,42;7,13;5,8;5,05;4,79;4,86;6,05;10,25;18,43;28,38;38,84;48,06;54,54;58,52;61,75;63,89;65,63;66,93;68,21;69,51
-;M0;D50/2°;57,87;47,67;-22,97;39,54;44,56;46,4;47,36;47,97;47,49;45,18;41,25;36,04;29,99;24,36;19,91;16,62;14,32;12,97;12,39;12,43;14,67;22,05;34,52;46,43;53,9;56,66;58,11;59,9;62,33;64,22;65,52;66,13;66,74;67,45
-;M0;D50/2°;61,3;34,48;43,58;6,08;7,08;7,37;7,09;6,41;6,48;7,68;9,61;12,19;15,28;18,55;20,91;21,61;20,4;18,47;17,31;17,34;19,78;27,51;40,7;53,23;61,44;65,62;67,46;68,07;68,52;68,48;68,92;69,69;70,72;71,96
-;M0;D50/2°;35,55;30,37;1,12;7,74;9,4;9,73;9,46;8,85;8,42;8,31;8,24;8,15;8,02;7,74;7,02;5,96;4,98;4,45;4,37;4,6;5,39;7,47;11;14,64;17,9;20,26;21,78;23,1;24,91;26,89;28,97;30,95;32,89;34,79
-;M0;D50/2°;72,22;29,58;-12,04;42,38;48,8;52,09;54,59;57,34;59,1;58,79;56,89;53,69;49,29;44,57;40,3;36,53;33,43;31,57;31;31,4;34,18;41,82;53,76;64,08;69,41;70,64;70,76;71,15;72,18;72,74;73,06;72,96;72,98;73,17
-;M0;D50/2°;42,13;-23,41;16,6;4,68;5,49;5,78;5,73;5,44;5,54;6,29;7,51;9,34;11,89;14,9;17,5;18,91;18,63;17;14,62;12,16;10,11;8,88;8,42;8,37;8,53;8,77;8,84;8,74;8,71;8,79;9,06;9,41;9,72;9,98
-;M0;D50/2°;77,03;5,48;15,86;24,47;29,86;32,22;33,5;34,69;36,12;37,68;39,51;41,74;44,24;46,86;49;50,12;49,99;49,14;48,11;47,34;47,74;50,57;55,55;59,75;62,11;63,18;63,41;63,32;63,68;63,87;64,36;64,84;65,4;66,03
-;M0;D50/2°;42,89;-2,86;-48,4;24,38;30,93;34,61;38,37;43,57;47,29;47,42;45,21;41,22;35,81;30,06;24,85;20,38;16,86;14,15;11,5;8,92;7,18;6,74;6,94;6,85;6,53;6,21;6,16;6,59;7,51;8,46;8,79;8,37;7,88;7,41
-;M0;D50/2°;68,26;-45,29;52,26;7,11;6,26;5,83;5,82;5,51;5,68;6,66;8,41;12,24;20,13;32,74;47,68;60,63;66,18;61,97;51,16;38,6;27,82;22,24;22,17;24,03;24,9;24,23;23,52;23,15;23,26;23,8;24,55;25,24;25,88;26,45
-;M0;D50/2°;56,31;-15,24;-2,28;15,53;19,63;21,42;22,57;23,84;25,1;26,02;26,89;27,91;29,11;30,46;31,38;31,4;30,36;28,57;26,21;23,65;21,47;19,94;18,76;17,89;17,74;18,12;18,42;18,62;19,1;19,64;20,14;20,39;20,56;20,65
-;M0;D50/2°;35,27;15,39;1,56;6,35;7,92;8,35;8,26;7,89;7,75;7,98;8,37;8,85;9,25;9,36;8,9;7,9;6,77;6;5,76;5,93;6,56;7,99;10,13;12,08;13,56;14,48;14,94;15,31;15,97;16,74;17,67;18,62;19,55;20,46
